[
    {
        "id":1,
        "icon": "fas fa-wifi",
        "title": "Wi-fi"
    },
    {
        "id":2,
        "icon": "fas fa-camera",
        "title": "Entertainment"
    },
    {
        "id":3,
        "icon": "fas fa-tv",
        "title": "Television"
    },
    {
        "id":4,
        "icon": "fas fa-wind",
        "title": "Air Conditioning"
    },
    {
        "id":5,
        "icon": "fas fa-wine-glass",
        "title": "Drink"
    },
    {
        "id":6,
        "icon": "fas fa-basketball-ball",
        "title": "Games"
    },
    {
        "id":7,
        "icon": "fas fa-wine-glass-alt",
        "title": "Wine Bar"
    },
    {
        "id":8,
        "icon": "fas fa-coffee",
        "title": "Coffee"
    },
    {
        "id":9,
        "icon": "fas fa-shopping-bag",
        "title": "Shopping"
    },
    {
        "id":10,
        "icon": "fas fa-concierge-bell",
        "title": "Food"
    },
    {
        "id":11,
        "icon": "fas fa-car",
        "title": "Comfort"
    },
    {
        "id":12,
        "icon": "fas fa-book-reader",
        "title": "Magazines"
    }
]