[
    {
        "id": 1,
        "title": "Delhi to Banglore",
        "image": "assets/images/flights/1.jpg",
        "price": 620,
        "flightroute": [
            1
        ],
        "flighttype": [
            1
        ],
        "flightstops": [
            1
        ],
        "airlines": [
            1
        ],
        "accomondation": [
            1,
            2,
            3,
            4,
            5
        ],
        "category": [
            1,
            2
        ],
        "overview": {
            "text": "<p class='text-light-dark'>Sed aliquam nunc eget velit imperdiet, in rutrum mauris malesuada. Quisque ullamcorper vulputate nisi, et fringilla ante convallis quis. Nullam vel tellus non elit suscipit volutpat. Integer id felis et nibh rutrum dignissim ut non risus. In tincidunt urna quis sem luctus, sed accumsan magna pellentesque. Donec et iaculis tellus. Vestibulum ut iaculis justo, auctor sodales lectus. Donec et tellus tempus, dignissim maurornare, consequat lacus. Integer dui neque, scelerisque nec sollicitudin sit amet, sodales a erat. Duis vitae condimentum ligula. Integer eu mi nisl. Donec massa dui, commodo id arcu quis, venenatis scelerisque velit.            </p><p class='text-light-dark'>Sed aliquam nunc eget velit imperdiet, in rutrum mauris malesuada. Quisque ullamcorper vulputate nisi, et fringilla ante convallis quis. Nullam vel tellus non elit suscipit volutpat. Integer id felis et nibh rutrum dignissim ut non risus. In tincidunt urna quis sem luctus, sed accumsan magna pellentesque. Donec et iaculis tellus. Vestibulum ut iaculis justo, auctor sodales lectus. Donec et tellus tempus, dignissim maurornare, consequat lacus. Integer dui neque, scelerisque nec sollicitudin sit amet, sodales a erat. Duis vitae condimentum ligula. Integer eu mi nisl. Donec massa dui, commodo id arcu quis, venenatis scelerisque velit.</p>",
            "testimonials": [
                1,
                2,
                3
            ],
            "flightinfo": [
                {
                    "title": "Fare Type",
                    "text": "Refundable"
                },
                {
                    "title": "Cancellation",
                    "text": "$78/Person"
                },
                {
                    "title": "Flight Change",
                    "text": "$53/Person"
                },
                {
                    "title": "Seats & Baggage",
                    "text": "Extra Charge"
                }
            ]
        },
        "includes": {
            "title": "Amenities",
            "text": "Maecenas vitae turpis condimentum metus tincidunt semper bibendum ut orci. Donec eget accumsan est. Duis laoreet sagittis elit et vehicula. Cras viverra posuere condimentum.",
            "amenities": [
                1,
                2,
                3,
                4,
                5,
                6,
                7,
                8,
                9,
                10,
                11,
                12
            ]
        },
        "travelinfo": {
            "title": "Travel Info",
            "text": "Maecenas vitae turpis condimentum metus tincidunt semper bibendum ut orci. Donec eget accumsan est. Duis laoreet sagittis elit et vehicula. Cras viverra posuere condimentum.",
            "journeydetails": [
                {
                    "takeofftime": "13 NOV 2021, 7:50 AM",
                    "landingtime": "13 NOV 2021, 9:20 AM"
                }
            ]
        },
        "faqs": [
            {
                "title": "Rules and Policies",
                "text": "Lorem Ipsum is simply dummy text of the printing and typesetting industry. Lorem Ipsum has been the industry's standard dummy text."
            },
            {
                "title": "Flight Changes",
                "text": "Lorem Ipsum is simply dummy text of the printing and typesetting industry. Lorem Ipsum has been the industry's standard dummy text."
            },
            {
                "title": "Refunds",
                "text": "Lorem Ipsum is simply dummy text of the printing and typesetting industry. Lorem Ipsum has been the industry's standard dummy text."
            },
            {
                "title": "Airline Penalties",
                "text": "Lorem Ipsum is simply dummy text of the printing and typesetting industry. Lorem Ipsum has been the industry's standard dummy text."
            },
            {
                "title": "Flight Cancellation",
                "text": "Lorem Ipsum is simply dummy text of the printing and typesetting industry. Lorem Ipsum has been the industry's standard dummy text."
            },
            {
                "title": "Airline Terms of use",
                "text": "Lorem Ipsum is simply dummy text of the printing and typesetting industry. Lorem Ipsum has been the industry's standard dummy text."
            }
        ]
    },
    {
        "id": 2,
        "title": "Bengaluru to Paris",
        "image": "assets/images/flights/2.jpg",
        "price": 500,
        "flightroute": [
            2
        ],
        "flighttype": [
            2
        ],
        "flightstops": [
            2
        ],
        "airlines": [
            2
        ],
        "accomondation": [
            1,
            2,
            3,
            4,
            5
        ],
        "category": [
            3,
            4
        ],
        "overview": {
            "text": "<p class='text-light-dark'>Sed aliquam nunc eget velit imperdiet, in rutrum mauris malesuada. Quisque ullamcorper vulputate nisi, et fringilla ante convallis quis. Nullam vel tellus non elit suscipit volutpat. Integer id felis et nibh rutrum dignissim ut non risus. In tincidunt urna quis sem luctus, sed accumsan magna pellentesque. Donec et iaculis tellus. Vestibulum ut iaculis justo, auctor sodales lectus. Donec et tellus tempus, dignissim maurornare, consequat lacus. Integer dui neque, scelerisque nec sollicitudin sit amet, sodales a erat. Duis vitae condimentum ligula. Integer eu mi nisl. Donec massa dui, commodo id arcu quis, venenatis scelerisque velit.            </p><p class='text-light-dark'>Sed aliquam nunc eget velit imperdiet, in rutrum mauris malesuada. Quisque ullamcorper vulputate nisi, et fringilla ante convallis quis. Nullam vel tellus non elit suscipit volutpat. Integer id felis et nibh rutrum dignissim ut non risus. In tincidunt urna quis sem luctus, sed accumsan magna pellentesque. Donec et iaculis tellus. Vestibulum ut iaculis justo, auctor sodales lectus. Donec et tellus tempus, dignissim maurornare, consequat lacus. Integer dui neque, scelerisque nec sollicitudin sit amet, sodales a erat. Duis vitae condimentum ligula. Integer eu mi nisl. Donec massa dui, commodo id arcu quis, venenatis scelerisque velit.</p>",
            "testimonials": [
                1,
                2,
                3
            ],
            "flightinfo": [
                {
                    "title": "Fare Type",
                    "text": "Refundable"
                },
                {
                    "title": "Cancellation",
                    "text": "$78/Person"
                },
                {
                    "title": "Flight Change",
                    "text": "$53/Person"
                },
                {
                    "title": "Seats & Baggage",
                    "text": "Extra Charge"
                }
            ]
        },
        "includes": {
            "title": "Amenities",
            "text": "Maecenas vitae turpis condimentum metus tincidunt semper bibendum ut orci. Donec eget accumsan est. Duis laoreet sagittis elit et vehicula. Cras viverra posuere condimentum.",
            "amenities": [
                1,
                2,
                3,
                4,
                5,
                6,
                7,
                8,
                9,
                10,
                11,
                12
            ]
        },
        "travelinfo": {
            "title": "Travel Info",
            "text": "Maecenas vitae turpis condimentum metus tincidunt semper bibendum ut orci. Donec eget accumsan est. Duis laoreet sagittis elit et vehicula. Cras viverra posuere condimentum.",
            "journeydetails": [
                {
                    "takeofftime": "13 NOV 2021, 7:50 AM",
                    "landingtime": "13 NOV 2021, 9:20 AM"
                },
                {
                    "takeofftime": "16 NOV 2021, 7:50 AM",
                    "landingtime": "16 NOV 2021, 9:20 AM"
                }
            ]
        },
        "faqs": [
            {
                "title": "Rules and Policies",
                "text": "Lorem Ipsum is simply dummy text of the printing and typesetting industry. Lorem Ipsum has been the industry's standard dummy text."
            },
            {
                "title": "Flight Changes",
                "text": "Lorem Ipsum is simply dummy text of the printing and typesetting industry. Lorem Ipsum has been the industry's standard dummy text."
            },
            {
                "title": "Refunds",
                "text": "Lorem Ipsum is simply dummy text of the printing and typesetting industry. Lorem Ipsum has been the industry's standard dummy text."
            },
            {
                "title": "Airline Penalties",
                "text": "Lorem Ipsum is simply dummy text of the printing and typesetting industry. Lorem Ipsum has been the industry's standard dummy text."
            },
            {
                "title": "Flight Cancellation",
                "text": "Lorem Ipsum is simply dummy text of the printing and typesetting industry. Lorem Ipsum has been the industry's standard dummy text."
            },
            {
                "title": "Airline Terms of use",
                "text": "Lorem Ipsum is simply dummy text of the printing and typesetting industry. Lorem Ipsum has been the industry's standard dummy text."
            }
        ]
    },
    {
        "id": 3,
        "title": "London to Bengaluru",
        "image": "assets/images/flights/3.jpg",
        "price": 420,
        "flightroute": [
            1
        ],
        "flighttype": [
            3
        ],
        "flightstops": [
            3
        ],
        "airlines": [
            3
        ],
        "accomondation": [
            1,
            2,
            3,
            4,
            5
        ],
        "category": [
            5,
            6
        ],
        "overview": {
            "text": "<p class='text-light-dark'>Sed aliquam nunc eget velit imperdiet, in rutrum mauris malesuada. Quisque ullamcorper vulputate nisi, et fringilla ante convallis quis. Nullam vel tellus non elit suscipit volutpat. Integer id felis et nibh rutrum dignissim ut non risus. In tincidunt urna quis sem luctus, sed accumsan magna pellentesque. Donec et iaculis tellus. Vestibulum ut iaculis justo, auctor sodales lectus. Donec et tellus tempus, dignissim maurornare, consequat lacus. Integer dui neque, scelerisque nec sollicitudin sit amet, sodales a erat. Duis vitae condimentum ligula. Integer eu mi nisl. Donec massa dui, commodo id arcu quis, venenatis scelerisque velit.            </p><p class='text-light-dark'>Sed aliquam nunc eget velit imperdiet, in rutrum mauris malesuada. Quisque ullamcorper vulputate nisi, et fringilla ante convallis quis. Nullam vel tellus non elit suscipit volutpat. Integer id felis et nibh rutrum dignissim ut non risus. In tincidunt urna quis sem luctus, sed accumsan magna pellentesque. Donec et iaculis tellus. Vestibulum ut iaculis justo, auctor sodales lectus. Donec et tellus tempus, dignissim maurornare, consequat lacus. Integer dui neque, scelerisque nec sollicitudin sit amet, sodales a erat. Duis vitae condimentum ligula. Integer eu mi nisl. Donec massa dui, commodo id arcu quis, venenatis scelerisque velit.</p>",
            "testimonials": [
                1,
                2,
                3
            ],
            "flightinfo": [
                {
                    "title": "Fare Type",
                    "text": "Refundable"
                },
                {
                    "title": "Cancellation",
                    "text": "$78/Person"
                },
                {
                    "title": "Flight Change",
                    "text": "$53/Person"
                },
                {
                    "title": "Seats & Baggage",
                    "text": "Extra Charge"
                }
            ]
        },
        "includes": {
            "title": "Amenities",
            "text": "Maecenas vitae turpis condimentum metus tincidunt semper bibendum ut orci. Donec eget accumsan est. Duis laoreet sagittis elit et vehicula. Cras viverra posuere condimentum.",
            "amenities": [
                1,
                2,
                3,
                4,
                5,
                6,
                7,
                8,
                9,
                10,
                11,
                12
            ]
        },
        "travelinfo": {
            "title": "Travel Info",
            "text": "Maecenas vitae turpis condimentum metus tincidunt semper bibendum ut orci. Donec eget accumsan est. Duis laoreet sagittis elit et vehicula. Cras viverra posuere condimentum.",
            "journeydetails": [
                {
                    "takeofftime": "13 NOV 2021, 7:50 AM",
                    "landingtime": "13 NOV 2021, 9:20 AM"
                }
            ]
        },
        "faqs": [
            {
                "title": "Rules and Policies",
                "text": "Lorem Ipsum is simply dummy text of the printing and typesetting industry. Lorem Ipsum has been the industry's standard dummy text."
            },
            {
                "title": "Flight Changes",
                "text": "Lorem Ipsum is simply dummy text of the printing and typesetting industry. Lorem Ipsum has been the industry's standard dummy text."
            },
            {
                "title": "Refunds",
                "text": "Lorem Ipsum is simply dummy text of the printing and typesetting industry. Lorem Ipsum has been the industry's standard dummy text."
            },
            {
                "title": "Airline Penalties",
                "text": "Lorem Ipsum is simply dummy text of the printing and typesetting industry. Lorem Ipsum has been the industry's standard dummy text."
            },
            {
                "title": "Flight Cancellation",
                "text": "Lorem Ipsum is simply dummy text of the printing and typesetting industry. Lorem Ipsum has been the industry's standard dummy text."
            },
            {
                "title": "Airline Terms of use",
                "text": "Lorem Ipsum is simply dummy text of the printing and typesetting industry. Lorem Ipsum has been the industry's standard dummy text."
            }
        ]
    },
    {
        "id": 4,
        "title": "London to Paris",
        "image": "assets/images/flights/4.jpg",
        "price": 600,
        "flightroute": [
            2
        ],
        "flighttype": [
            4
        ],
        "flightstops": [
            4
        ],
        "airlines": [
            4
        ],
        "accomondation": [
            1,
            2,
            3,
            4,
            5
        ],
        "category": [
            1,
            2
        ],
        "overview": {
            "text": "<p class='text-light-dark'>Sed aliquam nunc eget velit imperdiet, in rutrum mauris malesuada. Quisque ullamcorper vulputate nisi, et fringilla ante convallis quis. Nullam vel tellus non elit suscipit volutpat. Integer id felis et nibh rutrum dignissim ut non risus. In tincidunt urna quis sem luctus, sed accumsan magna pellentesque. Donec et iaculis tellus. Vestibulum ut iaculis justo, auctor sodales lectus. Donec et tellus tempus, dignissim maurornare, consequat lacus. Integer dui neque, scelerisque nec sollicitudin sit amet, sodales a erat. Duis vitae condimentum ligula. Integer eu mi nisl. Donec massa dui, commodo id arcu quis, venenatis scelerisque velit.            </p><p class='text-light-dark'>Sed aliquam nunc eget velit imperdiet, in rutrum mauris malesuada. Quisque ullamcorper vulputate nisi, et fringilla ante convallis quis. Nullam vel tellus non elit suscipit volutpat. Integer id felis et nibh rutrum dignissim ut non risus. In tincidunt urna quis sem luctus, sed accumsan magna pellentesque. Donec et iaculis tellus. Vestibulum ut iaculis justo, auctor sodales lectus. Donec et tellus tempus, dignissim maurornare, consequat lacus. Integer dui neque, scelerisque nec sollicitudin sit amet, sodales a erat. Duis vitae condimentum ligula. Integer eu mi nisl. Donec massa dui, commodo id arcu quis, venenatis scelerisque velit.</p>",
            "testimonials": [
                1,
                2,
                3
            ],
            "flightinfo": [
                {
                    "title": "Fare Type",
                    "text": "Refundable"
                },
                {
                    "title": "Cancellation",
                    "text": "$78/Person"
                },
                {
                    "title": "Flight Change",
                    "text": "$53/Person"
                },
                {
                    "title": "Seats & Baggage",
                    "text": "Extra Charge"
                }
            ]
        },
        "includes": {
            "title": "Amenities",
            "text": "Maecenas vitae turpis condimentum metus tincidunt semper bibendum ut orci. Donec eget accumsan est. Duis laoreet sagittis elit et vehicula. Cras viverra posuere condimentum.",
            "amenities": [
                1,
                2,
                3,
                4,
                5,
                6,
                7,
                8,
                9,
                10,
                11,
                12
            ]
        },
        "travelinfo": {
            "title": "Travel Info",
            "text": "Maecenas vitae turpis condimentum metus tincidunt semper bibendum ut orci. Donec eget accumsan est. Duis laoreet sagittis elit et vehicula. Cras viverra posuere condimentum.",
            "journeydetails": [
                {
                    "takeofftime": "13 NOV 2021, 7:50 AM",
                    "landingtime": "13 NOV 2021, 9:20 AM"
                },
                {
                    "takeofftime": "16 NOV 2021, 7:50 AM",
                    "landingtime": "16 NOV 2021, 9:20 AM"
                }
            ]
        },
        "faqs": [
            {
                "title": "Rules and Policies",
                "text": "Lorem Ipsum is simply dummy text of the printing and typesetting industry. Lorem Ipsum has been the industry's standard dummy text."
            },
            {
                "title": "Flight Changes",
                "text": "Lorem Ipsum is simply dummy text of the printing and typesetting industry. Lorem Ipsum has been the industry's standard dummy text."
            },
            {
                "title": "Refunds",
                "text": "Lorem Ipsum is simply dummy text of the printing and typesetting industry. Lorem Ipsum has been the industry's standard dummy text."
            },
            {
                "title": "Airline Penalties",
                "text": "Lorem Ipsum is simply dummy text of the printing and typesetting industry. Lorem Ipsum has been the industry's standard dummy text."
            },
            {
                "title": "Flight Cancellation",
                "text": "Lorem Ipsum is simply dummy text of the printing and typesetting industry. Lorem Ipsum has been the industry's standard dummy text."
            },
            {
                "title": "Airline Terms of use",
                "text": "Lorem Ipsum is simply dummy text of the printing and typesetting industry. Lorem Ipsum has been the industry's standard dummy text."
            }
        ]
    },
    {
        "id": 5,
        "title": "Bengaluru to Paris",
        "image": "assets/images/flights/5.jpg",
        "price": 600,
        "flightroute": [
            1
        ],
        "flighttype": [
            1
        ],
        "flightstops": [
            1
        ],
        "airlines": [
            5
        ],
        "accomondation": [
            1,
            2,
            3,
            4,
            5
        ],
        "category": [
            3,
            4
        ],
        "overview": {
            "text": "<p class='text-light-dark'>Sed aliquam nunc eget velit imperdiet, in rutrum mauris malesuada. Quisque ullamcorper vulputate nisi, et fringilla ante convallis quis. Nullam vel tellus non elit suscipit volutpat. Integer id felis et nibh rutrum dignissim ut non risus. In tincidunt urna quis sem luctus, sed accumsan magna pellentesque. Donec et iaculis tellus. Vestibulum ut iaculis justo, auctor sodales lectus. Donec et tellus tempus, dignissim maurornare, consequat lacus. Integer dui neque, scelerisque nec sollicitudin sit amet, sodales a erat. Duis vitae condimentum ligula. Integer eu mi nisl. Donec massa dui, commodo id arcu quis, venenatis scelerisque velit.            </p><p class='text-light-dark'>Sed aliquam nunc eget velit imperdiet, in rutrum mauris malesuada. Quisque ullamcorper vulputate nisi, et fringilla ante convallis quis. Nullam vel tellus non elit suscipit volutpat. Integer id felis et nibh rutrum dignissim ut non risus. In tincidunt urna quis sem luctus, sed accumsan magna pellentesque. Donec et iaculis tellus. Vestibulum ut iaculis justo, auctor sodales lectus. Donec et tellus tempus, dignissim maurornare, consequat lacus. Integer dui neque, scelerisque nec sollicitudin sit amet, sodales a erat. Duis vitae condimentum ligula. Integer eu mi nisl. Donec massa dui, commodo id arcu quis, venenatis scelerisque velit.</p>",
            "testimonials": [
                1,
                2,
                3
            ],
            "flightinfo": [
                {
                    "title": "Fare Type",
                    "text": "Refundable"
                },
                {
                    "title": "Cancellation",
                    "text": "$78/Person"
                },
                {
                    "title": "Flight Change",
                    "text": "$53/Person"
                },
                {
                    "title": "Seats & Baggage",
                    "text": "Extra Charge"
                }
            ]
        },
        "includes": {
            "title": "Amenities",
            "text": "Maecenas vitae turpis condimentum metus tincidunt semper bibendum ut orci. Donec eget accumsan est. Duis laoreet sagittis elit et vehicula. Cras viverra posuere condimentum.",
            "amenities": [
                1,
                2,
                3,
                4,
                5,
                6,
                7,
                8,
                9,
                10,
                11,
                12
            ]
        },
        "travelinfo": {
            "title": "Travel Info",
            "text": "Maecenas vitae turpis condimentum metus tincidunt semper bibendum ut orci. Donec eget accumsan est. Duis laoreet sagittis elit et vehicula. Cras viverra posuere condimentum.",
            "journeydetails": [
                {
                    "takeofftime": "13 NOV 2021, 7:50 AM",
                    "landingtime": "13 NOV 2021, 9:20 AM"
                }
            ]
        },
        "faqs": [
            {
                "title": "Rules and Policies",
                "text": "Lorem Ipsum is simply dummy text of the printing and typesetting industry. Lorem Ipsum has been the industry's standard dummy text."
            },
            {
                "title": "Flight Changes",
                "text": "Lorem Ipsum is simply dummy text of the printing and typesetting industry. Lorem Ipsum has been the industry's standard dummy text."
            },
            {
                "title": "Refunds",
                "text": "Lorem Ipsum is simply dummy text of the printing and typesetting industry. Lorem Ipsum has been the industry's standard dummy text."
            },
            {
                "title": "Airline Penalties",
                "text": "Lorem Ipsum is simply dummy text of the printing and typesetting industry. Lorem Ipsum has been the industry's standard dummy text."
            },
            {
                "title": "Flight Cancellation",
                "text": "Lorem Ipsum is simply dummy text of the printing and typesetting industry. Lorem Ipsum has been the industry's standard dummy text."
            },
            {
                "title": "Airline Terms of use",
                "text": "Lorem Ipsum is simply dummy text of the printing and typesetting industry. Lorem Ipsum has been the industry's standard dummy text."
            }
        ]
    },
    {
        "id": 6,
        "title": "London to Paris",
        "image": "assets/images/flights/6.jpg",
        "price": 620,
        "flightroute": [
            2
        ],
        "flighttype": [
            2
        ],
        "flightstops": [
            2
        ],
        "airlines": [
            6
        ],
        "accomondation": [
            1,
            2,
            3,
            4,
            5
        ],
        "category": [
            5,
            6
        ],
        "overview": {
            "text": "<p class='text-light-dark'>Sed aliquam nunc eget velit imperdiet, in rutrum mauris malesuada. Quisque ullamcorper vulputate nisi, et fringilla ante convallis quis. Nullam vel tellus non elit suscipit volutpat. Integer id felis et nibh rutrum dignissim ut non risus. In tincidunt urna quis sem luctus, sed accumsan magna pellentesque. Donec et iaculis tellus. Vestibulum ut iaculis justo, auctor sodales lectus. Donec et tellus tempus, dignissim maurornare, consequat lacus. Integer dui neque, scelerisque nec sollicitudin sit amet, sodales a erat. Duis vitae condimentum ligula. Integer eu mi nisl. Donec massa dui, commodo id arcu quis, venenatis scelerisque velit.            </p><p class='text-light-dark'>Sed aliquam nunc eget velit imperdiet, in rutrum mauris malesuada. Quisque ullamcorper vulputate nisi, et fringilla ante convallis quis. Nullam vel tellus non elit suscipit volutpat. Integer id felis et nibh rutrum dignissim ut non risus. In tincidunt urna quis sem luctus, sed accumsan magna pellentesque. Donec et iaculis tellus. Vestibulum ut iaculis justo, auctor sodales lectus. Donec et tellus tempus, dignissim maurornare, consequat lacus. Integer dui neque, scelerisque nec sollicitudin sit amet, sodales a erat. Duis vitae condimentum ligula. Integer eu mi nisl. Donec massa dui, commodo id arcu quis, venenatis scelerisque velit.</p>",
            "testimonials": [
                1,
                2,
                3
            ],
            "flightinfo": [
                {
                    "title": "Fare Type",
                    "text": "Refundable"
                },
                {
                    "title": "Cancellation",
                    "text": "$78/Person"
                },
                {
                    "title": "Flight Change",
                    "text": "$53/Person"
                },
                {
                    "title": "Seats & Baggage",
                    "text": "Extra Charge"
                }
            ]
        },
        "includes": {
            "title": "Amenities",
            "text": "Maecenas vitae turpis condimentum metus tincidunt semper bibendum ut orci. Donec eget accumsan est. Duis laoreet sagittis elit et vehicula. Cras viverra posuere condimentum.",
            "amenities": [
                1,
                2,
                3,
                4,
                5,
                6,
                7,
                8,
                9,
                10,
                11,
                12
            ]
        },
        "travelinfo": {
            "title": "Travel Info",
            "text": "Maecenas vitae turpis condimentum metus tincidunt semper bibendum ut orci. Donec eget accumsan est. Duis laoreet sagittis elit et vehicula. Cras viverra posuere condimentum.",
            "journeydetails": [
                {
                    "takeofftime": "13 NOV 2021, 7:50 AM",
                    "landingtime": "13 NOV 2021, 9:20 AM"
                },
                {
                    "takeofftime": "16 NOV 2021, 7:50 AM",
                    "landingtime": "16 NOV 2021, 9:20 AM"
                }
            ]
        },
        "faqs": [
            {
                "title": "Rules and Policies",
                "text": "Lorem Ipsum is simply dummy text of the printing and typesetting industry. Lorem Ipsum has been the industry's standard dummy text."
            },
            {
                "title": "Flight Changes",
                "text": "Lorem Ipsum is simply dummy text of the printing and typesetting industry. Lorem Ipsum has been the industry's standard dummy text."
            },
            {
                "title": "Refunds",
                "text": "Lorem Ipsum is simply dummy text of the printing and typesetting industry. Lorem Ipsum has been the industry's standard dummy text."
            },
            {
                "title": "Airline Penalties",
                "text": "Lorem Ipsum is simply dummy text of the printing and typesetting industry. Lorem Ipsum has been the industry's standard dummy text."
            },
            {
                "title": "Flight Cancellation",
                "text": "Lorem Ipsum is simply dummy text of the printing and typesetting industry. Lorem Ipsum has been the industry's standard dummy text."
            },
            {
                "title": "Airline Terms of use",
                "text": "Lorem Ipsum is simply dummy text of the printing and typesetting industry. Lorem Ipsum has been the industry's standard dummy text."
            }
        ]
    },
    {
        "id": 7,
        "title": "Delhi to Paris",
        "image": "assets/images/flights/7.jpg",
        "price": 620,
        "flightroute": [
            1
        ],
        "flighttype": [
            3
        ],
        "flightstops": [
            3
        ],
        "airlines": [
            1
        ],
        "accomondation": [
            1,
            2,
            3,
            4,
            5
        ],
        "category": [
            1,
            2
        ],
        "overview": {
            "text": "<p class='text-light-dark'>Sed aliquam nunc eget velit imperdiet, in rutrum mauris malesuada. Quisque ullamcorper vulputate nisi, et fringilla ante convallis quis. Nullam vel tellus non elit suscipit volutpat. Integer id felis et nibh rutrum dignissim ut non risus. In tincidunt urna quis sem luctus, sed accumsan magna pellentesque. Donec et iaculis tellus. Vestibulum ut iaculis justo, auctor sodales lectus. Donec et tellus tempus, dignissim maurornare, consequat lacus. Integer dui neque, scelerisque nec sollicitudin sit amet, sodales a erat. Duis vitae condimentum ligula. Integer eu mi nisl. Donec massa dui, commodo id arcu quis, venenatis scelerisque velit.            </p><p class='text-light-dark'>Sed aliquam nunc eget velit imperdiet, in rutrum mauris malesuada. Quisque ullamcorper vulputate nisi, et fringilla ante convallis quis. Nullam vel tellus non elit suscipit volutpat. Integer id felis et nibh rutrum dignissim ut non risus. In tincidunt urna quis sem luctus, sed accumsan magna pellentesque. Donec et iaculis tellus. Vestibulum ut iaculis justo, auctor sodales lectus. Donec et tellus tempus, dignissim maurornare, consequat lacus. Integer dui neque, scelerisque nec sollicitudin sit amet, sodales a erat. Duis vitae condimentum ligula. Integer eu mi nisl. Donec massa dui, commodo id arcu quis, venenatis scelerisque velit.</p>",
            "testimonials": [
                1,
                2,
                3
            ],
            "flightinfo": [
                {
                    "title": "Fare Type",
                    "text": "Refundable"
                },
                {
                    "title": "Cancellation",
                    "text": "$78/Person"
                },
                {
                    "title": "Flight Change",
                    "text": "$53/Person"
                },
                {
                    "title": "Seats & Baggage",
                    "text": "Extra Charge"
                }
            ]
        },
        "includes": {
            "title": "Amenities",
            "text": "Maecenas vitae turpis condimentum metus tincidunt semper bibendum ut orci. Donec eget accumsan est. Duis laoreet sagittis elit et vehicula. Cras viverra posuere condimentum.",
            "amenities": [
                1,
                2,
                3,
                4,
                5,
                6,
                7,
                8,
                9,
                10,
                11,
                12
            ]
        },
        "travelinfo": {
            "title": "Travel Info",
            "text": "Maecenas vitae turpis condimentum metus tincidunt semper bibendum ut orci. Donec eget accumsan est. Duis laoreet sagittis elit et vehicula. Cras viverra posuere condimentum.",
            "journeydetails": [
                {
                    "takeofftime": "13 NOV 2021, 7:50 AM",
                    "landingtime": "13 NOV 2021, 9:20 AM"
                }
            ]
        },
        "faqs": [
            {
                "title": "Rules and Policies",
                "text": "Lorem Ipsum is simply dummy text of the printing and typesetting industry. Lorem Ipsum has been the industry's standard dummy text."
            },
            {
                "title": "Flight Changes",
                "text": "Lorem Ipsum is simply dummy text of the printing and typesetting industry. Lorem Ipsum has been the industry's standard dummy text."
            },
            {
                "title": "Refunds",
                "text": "Lorem Ipsum is simply dummy text of the printing and typesetting industry. Lorem Ipsum has been the industry's standard dummy text."
            },
            {
                "title": "Airline Penalties",
                "text": "Lorem Ipsum is simply dummy text of the printing and typesetting industry. Lorem Ipsum has been the industry's standard dummy text."
            },
            {
                "title": "Flight Cancellation",
                "text": "Lorem Ipsum is simply dummy text of the printing and typesetting industry. Lorem Ipsum has been the industry's standard dummy text."
            },
            {
                "title": "Airline Terms of use",
                "text": "Lorem Ipsum is simply dummy text of the printing and typesetting industry. Lorem Ipsum has been the industry's standard dummy text."
            }
        ]
    },
    {
        "id": 8,
        "title": "Mumbai to Paris",
        "image": "assets/images/flights/8.jpg",
        "price": 200,
        "flightroute": [
            2
        ],
        "flighttype": [
            4
        ],
        "flightstops": [
            4
        ],
        "airlines": [
            2
        ],
        "accomondation": [
            1,
            2,
            3,
            4,
            5
        ],
        "category": [
            3,
            4
        ],
        "overview": {
            "text": "<p class='text-light-dark'>Sed aliquam nunc eget velit imperdiet, in rutrum mauris malesuada. Quisque ullamcorper vulputate nisi, et fringilla ante convallis quis. Nullam vel tellus non elit suscipit volutpat. Integer id felis et nibh rutrum dignissim ut non risus. In tincidunt urna quis sem luctus, sed accumsan magna pellentesque. Donec et iaculis tellus. Vestibulum ut iaculis justo, auctor sodales lectus. Donec et tellus tempus, dignissim maurornare, consequat lacus. Integer dui neque, scelerisque nec sollicitudin sit amet, sodales a erat. Duis vitae condimentum ligula. Integer eu mi nisl. Donec massa dui, commodo id arcu quis, venenatis scelerisque velit.            </p><p class='text-light-dark'>Sed aliquam nunc eget velit imperdiet, in rutrum mauris malesuada. Quisque ullamcorper vulputate nisi, et fringilla ante convallis quis. Nullam vel tellus non elit suscipit volutpat. Integer id felis et nibh rutrum dignissim ut non risus. In tincidunt urna quis sem luctus, sed accumsan magna pellentesque. Donec et iaculis tellus. Vestibulum ut iaculis justo, auctor sodales lectus. Donec et tellus tempus, dignissim maurornare, consequat lacus. Integer dui neque, scelerisque nec sollicitudin sit amet, sodales a erat. Duis vitae condimentum ligula. Integer eu mi nisl. Donec massa dui, commodo id arcu quis, venenatis scelerisque velit.</p>",
            "testimonials": [
                1,
                2,
                3
            ],
            "flightinfo": [
                {
                    "title": "Fare Type",
                    "text": "Refundable"
                },
                {
                    "title": "Cancellation",
                    "text": "$78/Person"
                },
                {
                    "title": "Flight Change",
                    "text": "$53/Person"
                },
                {
                    "title": "Seats & Baggage",
                    "text": "Extra Charge"
                }
            ]
        },
        "includes": {
            "title": "Amenities",
            "text": "Maecenas vitae turpis condimentum metus tincidunt semper bibendum ut orci. Donec eget accumsan est. Duis laoreet sagittis elit et vehicula. Cras viverra posuere condimentum.",
            "amenities": [
                1,
                2,
                3,
                4,
                5,
                6,
                7,
                8,
                9,
                10,
                11,
                12
            ]
        },
        "travelinfo": {
            "title": "Travel Info",
            "text": "Maecenas vitae turpis condimentum metus tincidunt semper bibendum ut orci. Donec eget accumsan est. Duis laoreet sagittis elit et vehicula. Cras viverra posuere condimentum.",
            "journeydetails": [
                {
                    "takeofftime": "13 NOV 2021, 7:50 AM",
                    "landingtime": "13 NOV 2021, 9:20 AM"
                },
                {
                    "takeofftime": "16 NOV 2021, 7:50 AM",
                    "landingtime": "16 NOV 2021, 9:20 AM"
                }
            ]
        },
        "faqs": [
            {
                "title": "Rules and Policies",
                "text": "Lorem Ipsum is simply dummy text of the printing and typesetting industry. Lorem Ipsum has been the industry's standard dummy text."
            },
            {
                "title": "Flight Changes",
                "text": "Lorem Ipsum is simply dummy text of the printing and typesetting industry. Lorem Ipsum has been the industry's standard dummy text."
            },
            {
                "title": "Refunds",
                "text": "Lorem Ipsum is simply dummy text of the printing and typesetting industry. Lorem Ipsum has been the industry's standard dummy text."
            },
            {
                "title": "Airline Penalties",
                "text": "Lorem Ipsum is simply dummy text of the printing and typesetting industry. Lorem Ipsum has been the industry's standard dummy text."
            },
            {
                "title": "Flight Cancellation",
                "text": "Lorem Ipsum is simply dummy text of the printing and typesetting industry. Lorem Ipsum has been the industry's standard dummy text."
            },
            {
                "title": "Airline Terms of use",
                "text": "Lorem Ipsum is simply dummy text of the printing and typesetting industry. Lorem Ipsum has been the industry's standard dummy text."
            }
        ]
    },
    {
        "id": 9,
        "title": "London to Mumbai",
        "image": "assets/images/flights/9.jpg",
        "price": 120,
        "flightroute": [
            1
        ],
        "flighttype": [
            1
        ],
        "flightstops": [
            1
        ],
        "airlines": [
            3
        ],
        "accomondation": [
            1,
            2,
            3,
            4,
            5
        ],
        "category": [
            5,
            6
        ],
        "overview": {
            "text": "<p class='text-light-dark'>Sed aliquam nunc eget velit imperdiet, in rutrum mauris malesuada. Quisque ullamcorper vulputate nisi, et fringilla ante convallis quis. Nullam vel tellus non elit suscipit volutpat. Integer id felis et nibh rutrum dignissim ut non risus. In tincidunt urna quis sem luctus, sed accumsan magna pellentesque. Donec et iaculis tellus. Vestibulum ut iaculis justo, auctor sodales lectus. Donec et tellus tempus, dignissim maurornare, consequat lacus. Integer dui neque, scelerisque nec sollicitudin sit amet, sodales a erat. Duis vitae condimentum ligula. Integer eu mi nisl. Donec massa dui, commodo id arcu quis, venenatis scelerisque velit.            </p><p class='text-light-dark'>Sed aliquam nunc eget velit imperdiet, in rutrum mauris malesuada. Quisque ullamcorper vulputate nisi, et fringilla ante convallis quis. Nullam vel tellus non elit suscipit volutpat. Integer id felis et nibh rutrum dignissim ut non risus. In tincidunt urna quis sem luctus, sed accumsan magna pellentesque. Donec et iaculis tellus. Vestibulum ut iaculis justo, auctor sodales lectus. Donec et tellus tempus, dignissim maurornare, consequat lacus. Integer dui neque, scelerisque nec sollicitudin sit amet, sodales a erat. Duis vitae condimentum ligula. Integer eu mi nisl. Donec massa dui, commodo id arcu quis, venenatis scelerisque velit.</p>",
            "testimonials": [
                1,
                2,
                3
            ],
            "flightinfo": [
                {
                    "title": "Fare Type",
                    "text": "Refundable"
                },
                {
                    "title": "Cancellation",
                    "text": "$78/Person"
                },
                {
                    "title": "Flight Change",
                    "text": "$53/Person"
                },
                {
                    "title": "Seats & Baggage",
                    "text": "Extra Charge"
                }
            ]
        },
        "includes": {
            "title": "Amenities",
            "text": "Maecenas vitae turpis condimentum metus tincidunt semper bibendum ut orci. Donec eget accumsan est. Duis laoreet sagittis elit et vehicula. Cras viverra posuere condimentum.",
            "amenities": [
                1,
                2,
                3,
                4,
                5,
                6,
                7,
                8,
                9,
                10,
                11,
                12
            ]
        },
        "travelinfo": {
            "title": "Travel Info",
            "text": "Maecenas vitae turpis condimentum metus tincidunt semper bibendum ut orci. Donec eget accumsan est. Duis laoreet sagittis elit et vehicula. Cras viverra posuere condimentum.",
            "journeydetails": [
                {
                    "takeofftime": "13 NOV 2021, 7:50 AM",
                    "landingtime": "13 NOV 2021, 9:20 AM"
                }
            ]
        },
        "faqs": [
            {
                "title": "Rules and Policies",
                "text": "Lorem Ipsum is simply dummy text of the printing and typesetting industry. Lorem Ipsum has been the industry's standard dummy text."
            },
            {
                "title": "Flight Changes",
                "text": "Lorem Ipsum is simply dummy text of the printing and typesetting industry. Lorem Ipsum has been the industry's standard dummy text."
            },
            {
                "title": "Refunds",
                "text": "Lorem Ipsum is simply dummy text of the printing and typesetting industry. Lorem Ipsum has been the industry's standard dummy text."
            },
            {
                "title": "Airline Penalties",
                "text": "Lorem Ipsum is simply dummy text of the printing and typesetting industry. Lorem Ipsum has been the industry's standard dummy text."
            },
            {
                "title": "Flight Cancellation",
                "text": "Lorem Ipsum is simply dummy text of the printing and typesetting industry. Lorem Ipsum has been the industry's standard dummy text."
            },
            {
                "title": "Airline Terms of use",
                "text": "Lorem Ipsum is simply dummy text of the printing and typesetting industry. Lorem Ipsum has been the industry's standard dummy text."
            }
        ]
    }
]