[
    
    
    
    
    
    {
        "id": 1,
        "linkText": "Flights",
        "child": false,
        "link": "/"
    },
    {
        "id": 2,
        "linkText": "My Bookings",
        "child": false,
        "link": "/about"
    },
    {
        "id": 3,
        "linkText": "Print Ticket",
        "link": "/flight-grid-left/view-ticket",
        "child": false 
        
    },
    {
        "id": 4,
        "linkText": "Support",
        "child": false,
        "link": "/contact"
    },
    {
        "id": 5,
        "linkText": "My Account",
        "child": false,
        "link": "/gallery"
    }
]