[
    {
        "id":1,
        "image":"assets/images/logo-1-t.png"
    },
    {
        "id":2,
        "image":"assets/images/logo-2.png"
    },
    {
        "id":3,
        "image":"assets/images/logo-3.png"
    },
    {
        "id":4,
        "image":"assets/images/logo-4.png"
    },
    {
        "id":5,
        "image":"assets/images/logo-1-t.png"
    },
    {
        "id":6,
        "image":"assets/images/logo-2.png"
    },
    {
        "id":7,
        "image":"assets/images/logo-3.png"
    },
    {
        "id":8,
        "image":"assets/images/logo-4.png"
    }
]