[
    {
        "id": 1,
        "image": "assets/images/gallery/1.jpg",
        "category": [
            1,
            4
        ]
    },
    {
        "id": 2,
        "image": "assets/images/gallery/2.jpg",
        "category": [
            2,
            3
        ]
    },
    {
        "id": 3,
        "image": "assets/images/gallery/3.jpg",
        "category": [
            3,
            2
        ]
    },
    {
        "id": 4,
        "image": "assets/images/gallery/4.jpg",
        "category": [
            4,
            1
        ]
    },
    {
        "id": 5,
        "image": "assets/images/gallery/5.jpg",
        "category": [
            1,
            4
        ]
    },
    {
        "id": 6,
        "image": "assets/images/gallery/6.jpg",
        "category": [
            2,
            3
        ]
    },
    {
        "id": 7,
        "image": "assets/images/gallery/7.jpg",
        "category": [
            3,
            2
        ]
    },
    {
        "id": 8,
        "image": "assets/images/gallery/8.jpg",
        "category": [
            4,
            1
        ]
    },
    {
        "id": 9,
        "image": "assets/images/gallery/9.jpg",
        "category": [
            1,
            4
        ]
    },
    {
        "id": 10,
        "image": "assets/images/gallery/10.jpg",
        "category": [
            2,
            3
        ]
    },
    {
        "id": 11,
        "image": "assets/images/gallery/11.jpg",
        "category": [
            3,
            2
        ]
    },
    {
        "id": 12,
        "image": "assets/images/gallery/12.jpg",
        "category": [
            4,
            1
        ]
    }
]